number,year,title,journal,doi,level,role,citations,reference
1,2026,Artificial Intelligence for Digital Breast Tomosynthesis Screening with and without Prior Examinations in BreastScreen Norway,Radiology: Artificial Intelligence,10.1148/ryai.250988,1,Medforfatter,1,"Moshina N, Larsen M, Holen ÅS, Aase HS, Obst-Gleditsch K, Bartsch H, et al. Artificial Intelligence for Digital Breast Tomosynthesis Screening with and without Prior Examinations in BreastScreen Norway. Radiology: Artificial Intelligence. 2026;8(4):e250988."
2,2026,Missed and true interval cancers on digital breast tomosynthesis screening mammograms: radiologists’ assessment and artificial intelligence markings,Acta Radiologica Open,10.1177/20584601261467016,1,Medforfatter,0,"Moshina N, Larsen M, Aase HS, Obst-Gleditsch K, Margrethe Ohm Ulvik I, Bartsch H, et al. Missed and true interval cancers on digital breast tomosynthesis screening mammograms: radiologists’ assessment and artificial intelligence markings. Acta Radiologica Open. 2026;15(8):20584601261467016."
3,2026,Variation in Public Health Reimbursement Policies of ECT and rTMS Across 28 European Countries: A Call for Evidence-Based Policy Reform from the ECNP Neuromodulation Network,Neuroscience Applied,10.1016/j.nsa.2026.107030,1,Medforfatter,0,"Opel N, Bjekić J, Brunelin J, Batail JM, Dols A, Assecondi S, et al. Variation in Public Health Reimbursement Policies of ECT and rTMS Across 28 European Countries: A Call for Evidence-Based Policy Reform from the ECNP Neuromodulation Network. Neuroscience Applied. 2026:107030."
4,2026,Diverging Trajectories of Depressive Symptoms During Electroconvulsive Therapy: Toward Personalized Treatment,Biological Psychiatry Global Open Science,10.1016/j.bpsgos.2026.100722,1,Medforfatter,0,"Sellevåg K, Bartz-Johannessen CA, Oedegaard KJ, Nordenskjöld A, Oltedal L, Bjørke JS, et al. Diverging Trajectories of Depressive Symptoms During Electroconvulsive Therapy: Toward Personalized Treatment. Biological Psychiatry Global Open Science. 2026;6(4):100722."
5,2026,"Electroconvulsive therapy induces rapid microstructural and macrostructural changes, but microstructural changes are longer-lasting",European Archives of Psychiatry and Clinical Neuroscience,10.1007/s00406-026-02195-0,1,Medforfatter,1,"Verdijk JPAJ, Pottkämper JCM, ten Doesschate F, van de Mortel LA, Stuiver S, Oltedal L, et al. Electroconvulsive therapy induces rapid microstructural and macrostructural changes, but microstructural changes are longer-lasting. European Archives of Psychiatry and Clinical Neuroscience. 2026;276(4):1355-1367."
6,2025,"Effects of Electroconvulsive Therapy on Brain Structure: A Neuroradiological Investigation Into White Matter Hyperintensities, Atrophy, and Microbleeds",Biological Psychiatry: Cognitive Neuroscience and Neuroimaging,10.1016/j.bpsc.2024.12.004,1,Sisteforfatter,2,"Erchinger VJ, Evjenth Sørhaug OJ, Aukland SM, Moen G, Schuster PM, Ersland L, et al. Effects of Electroconvulsive Therapy on Brain Structure: A Neuroradiological Investigation Into White Matter Hyperintensities, Atrophy, and Microbleeds. Biological Psychiatry: Cognitive Neuroscience and Neuroimaging. 2025;10(8):814-822."
7,2025,Effects of electroconvulsive therapy on hippocampal longitudinal axis and its association with cognitive side effects,Communications Medicine,10.1038/s43856-025-01120-1,1,Sisteforfatter,3,"Ousdal OT, Argyelan M, Laroy M, Anand A, Bouckaert F, Camprodon JA, et al. Effects of electroconvulsive therapy on hippocampal longitudinal axis and its association with cognitive side effects. Communications Medicine. 2025;5(1):409."
8,2025,Cognitive deficits in treatment-resistant depression: protocol for a systematic review and meta-analysis,BMJ Open,10.1136/bmjopen-2024-094247,1,Medforfatter,1,"Ronold EH, Jensen D, Thorsen ALL, Raudeberg R, Oltedal L, Hammar Å, et al. Cognitive deficits in treatment-resistant depression: protocol for a systematic review and meta-analysis. BMJ Open. 2025;15(7):e094247."
9,2025,Epigenetic and blood markers associated with response to electroconvulsive therapy in patients with depressive disorders,Translational Psychiatry,10.1038/s41398-025-03772-y,1,Medforfatter,2,"Stavrum AK, Sirignano L, Frid LM, Frank J, Foo JC, Spindola LM, et al. Epigenetic and blood markers associated with response to electroconvulsive therapy in patients with depressive disorders. Translational Psychiatry. 2025;16(1):32."
10,2025,Acute and transient change in brain water content induced by a single electroconvulsive therapy session,Brain Stimulation,10.1016/j.brs.2025.10.021,1,Sisteforfatter,4,"Takamiya A, Riemer F, Erchinger VJ, Korbmacher M, Bartsch H, Ousdal OT, et al. Acute and transient change in brain water content induced by a single electroconvulsive therapy session. Brain Stimulation. 2025;18(6):2008-2015."
11,2025,Unveiling regional differences in glioblastoma patient survival with real-world data from the Norwegian brain tumor quality registry,Journal of Neuro-Oncology,10.1007/s11060-025-05218-3,1,Medforfatter,4,"Trewin-Nybråten CB, Lambert PC, Marienhagen K, Andreassen L, Johannesen TB, Niehusmann P, et al. Unveiling regional differences in glioblastoma patient survival with real-world data from the Norwegian brain tumor quality registry. Journal of Neuro-Oncology. 2025;175(3):1355-1366."
12,2024,Neurobiological mechanisms of electroconvulsive therapy for depression: Insights into hippocampal volumetric increases from clinical and preclinical studies,Journal of Neurochemistry,10.1111/jnc.16054,2,Medforfatter,14,"Abe Y, Erchinger VJ, Ousdal OT, Oltedal L, Tanaka KF, Takamiya A. Neurobiological mechanisms of electroconvulsive therapy for depression: Insights into hippocampal volumetric increases from clinical and preclinical studies. Journal of Neurochemistry. 2024;168(9):1738-1750."
13,2024,Electroconvulsive therapy-induced volumetric brain changes converge on a common causal circuit in depression,Molecular Psychiatry,10.1038/s41380-023-02318-2,2,Medforfatter,20,"Argyelan M, Deng ZD, Ousdal OT, Oltedal L, Angulo B, Baradits M, et al. Electroconvulsive therapy-induced volumetric brain changes converge on a common causal circuit in depression. Molecular Psychiatry. 2024;29(2):229-237."
14,2024,Development and validation of a multimodal neuroimaging biomarker for electroconvulsive therapy outcome in depression: a multicenter machine learning analysis,Psychological Medicine,10.1017/s0033291723002040,2,Medforfatter,23,"Bruin WB, Oltedal L, Bartsch H, Abbott C, Argyelan M, Barbour T, et al. Development and validation of a multimodal neuroimaging biomarker for electroconvulsive therapy outcome in depression: a multicenter machine learning analysis. Psychological Medicine. 2024;54(3):495-506."
15,2024,Improvement of persistent impairments in executive functions and attention following electroconvulsive therapy in a case control longitudinal follow up study,BMC Psychiatry,10.1186/s12888-024-06270-5,1,Sisteforfatter,2,"Hammar Å, Ronold EH, Spurkeland MA, Ueland R, Kessler U, Oedegaard KJ, et al. Improvement of persistent impairments in executive functions and attention following electroconvulsive therapy in a case control longitudinal follow up study. BMC Psychiatry. 2024;24(1):832."
16,2024,Electroconvulsive therapy and cognitive performance from the Global ECT MRI Research Collaboration,Journal of Psychiatric Research,10.1016/j.jpsychires.2024.09.013,2,Medforfatter,6,"Kiebs M, Farrar DC, Yrondi A, Cardoner N, Tuovinen N, Redlich R, et al. Electroconvulsive therapy and cognitive performance from the Global ECT MRI Research Collaboration. Journal of Psychiatric Research. 2024;179:199-208."
17,2024,Characterization of gray matter volume changes from one week to 6 months after termination of electroconvulsive therapy in depressed patients,Brain Stimulation,10.1016/j.brs.2024.07.015,1,Medforfatter,9,"Laroy M, Bouckaert F, Ousdal OT, Dols A, Rhebergen D, van Exel E, et al. Characterization of gray matter volume changes from one week to 6 months after termination of electroconvulsive therapy in depressed patients. Brain Stimulation. 2024;17(4):876-886."
18,2024,Impact of subjective and objective language function and psychological distress on quality of life in glioma patients awaiting surgery,Aphasiology,10.1080/02687038.2024.2336705,1,Medforfatter,1,"Ottarsdottir E, Vesterli Tveiten Ø, Oltedal L, Storstein A, Mahesparan R, Løvaas H, et al. Impact of subjective and objective language function and psychological distress on quality of life in glioma patients awaiting surgery. Aphasiology. 2024;38(12):1957-1974."
19,2024,The Dark and Gloomy Brain: Grey Matter Volume Alterations in Major Depressive Disorder–Fine-Grained Meta-Analyses,Depression and Anxiety,10.1155/2024/6673522,2,Medforfatter,12,"Romeo Z, Biondi M, Oltedal L, Spironelli C. The Dark and Gloomy Brain: Grey Matter Volume Alterations in Major Depressive Disorder–Fine-Grained Meta-Analyses. Depression and Anxiety. 2024;2024:1-21."
20,2024,Exploring New Electroencephalogram Parameters in Electroconvulsive Therapy,The Journal of ECT,10.1097/yct.0000000000000930,1,Sisteforfatter,6,"Schreiner JE, Kessler U, Oedegaard KJ, Mardal KA, Oltedal L. Exploring New Electroencephalogram Parameters in Electroconvulsive Therapy. The Journal of ECT. 2024;40(1):20-30."
21,2024,Stable glioma incidence and increased patient survival over the past two decades in Norway: a nationwide registry-based cohort study,Acta Oncologica,10.2340/1651-226x.2024.24970,1,Medforfatter,4,"Skaga E, Trewin-Nybråten CB, Niehusmann P, Johannesen TB, Marienhagen K, Oltedal L, et al. Stable glioma incidence and increased patient survival over the past two decades in Norway: a nationwide registry-based cohort study. Acta Oncologica. 2024;63(1):83-94."
22,2024,Longitudinal resting-state network connectivity changes in electroconvulsive therapy patients compared to healthy controls,Brain Stimulation,10.1016/j.brs.2023.12.005,1,Medforfatter,13,"Verdijk JPAJ, van de Mortel LA, ten Doesschate F, Pottkämper JCM, Stuiver S, Bruin WB, et al. Longitudinal resting-state network connectivity changes in electroconvulsive therapy patients compared to healthy controls. Brain Stimulation. 2024;17(1):140-147."
23,2023,Sex-specifics of ECT outcome,Journal of Affective Disorders,10.1016/j.jad.2022.12.144,1,Medforfatter,21,"Blanken MAJT, Oudega ML, Hoogendoorn AW, Sonnenberg CS, Rhebergen D, Klumpers UMH, et al. Sex-specifics of ECT outcome. Journal of Affective Disorders. 2023;326:243-248."
24,2023,Electroconvulsive therapy triggers a reversible decrease in brain N-acetylaspartate,Frontiers in Psychiatry,10.3389/fpsyt.2023.1155689,1,Sisteforfatter,8,"Erchinger VJ, Craven AR, Ersland L, Oedegaard KJ, Bartz-Johannessen CA, Hammar Å, et al. Electroconvulsive therapy triggers a reversible decrease in brain N-acetylaspartate. Frontiers in Psychiatry. 2023;14:1155689."
25,2023,Neurobiological mechanisms of ECT and TMS treatment in depression: study protocol of a multimodal magnetic resonance investigation,BMC Psychiatry,10.1186/s12888-023-05239-0,2,Sisteforfatter,12,"Frid LM, Kessler U, Ousdal OT, Hammar Å, Haavik J, Riemer F, et al. Neurobiological mechanisms of ECT and TMS treatment in depression: study protocol of a multimodal magnetic resonance investigation. BMC Psychiatry. 2023;23(1):791."
26,2023,Feasibility of deep learning-based tumor segmentation for target delineation and response assessment in grade-4 glioma using multi-parametric MRI,Neuro-Oncology Advances,10.1093/noajnl/vdad037,1,Medforfatter,4,"Hannisdal MH, Goplen D, Alam S, Haasz J, Oltedal L, Rahman MA, et al. Feasibility of deep learning-based tumor segmentation for target delineation and response assessment in grade-4 glioma using multi-parametric MRI. Neuro-Oncology Advances. 2023;5(1):vdad037."
27,2023,Effective resting-state connectivity in severe unipolar depression before and after electroconvulsive therapy,Brain Stimulation,10.1016/j.brs.2023.07.054,1,Medforfatter,12,"ten Doesschate F, Bruin W, Zeidman P, Abbott CC, Argyelan M, Dols A, et al. Effective resting-state connectivity in severe unipolar depression before and after electroconvulsive therapy. Brain Stimulation. 2023;16(4):1128-1134."
28,2022,"The Neurobiological Effects of Electroconvulsive Therapy Studied Through Magnetic Resonance: What Have We Learned, and Where Do We Go?",Biological Psychiatry,10.1016/j.biopsych.2021.05.023,2,Sisteforfatter,104,"Ousdal OT, Brancati GE, Kessler U, Erchinger V, Dale AM, Abbott C, et al. The Neurobiological Effects of Electroconvulsive Therapy Studied Through Magnetic Resonance: What Have We Learned, and Where Do We Go?. Biological Psychiatry. 2022;91(6):540-549."
29,2022,Neural Substrates of Psychotic Depression: Findings From the Global ECT-MRI Research Collaboration,Schizophrenia Bulletin,10.1093/schbul/sbab122,2,Medforfatter,7,"Takamiya A, Dols A, Emsell L, Abbott C, Yrondi A, Soriano Mas C, et al. Neural Substrates of Psychotic Depression: Findings From the Global ECT-MRI Research Collaboration. Schizophrenia Bulletin. 2022;48(2):514-523."
30,2022,Multimodal multi-center analysis of electroconvulsive therapy effects in depression: Brainwide gray matter increase without functional changes,Brain Stimulation,10.1016/j.brs.2022.07.053,1,Medforfatter,15,"van de Mortel LA, Bruin WB, Thomas RM, Abbott C, Argyelan M, van Eijndhoven P, et al. Multimodal multi-center analysis of electroconvulsive therapy effects in depression: Brainwide gray matter increase without functional changes. Brain Stimulation. 2022;15(5):1065-1072."
31,2021,Short and long-term effects of single and multiple sessions of electroconvulsive therapy on brain gray matter volumes,Brain Stimulation,10.1016/j.brs.2021.08.018,1,Sisteforfatter,18,"Brancati GE, Brekke N, Bartsch H, Evjenth Sørhaug OJ, Ousdal OT, Hammar Å, et al. Short and long-term effects of single and multiple sessions of electroconvulsive therapy on brain gray matter volumes. Brain Stimulation. 2021;14(5):1330-1339."
32,2021,Magnetic Resonance Spectroscopy in Depressed Subjects Treated With Electroconvulsive Therapy—A Systematic Review of Literature,Frontiers in Psychiatry,10.3389/fpsyt.2021.608857,1,Sisteforfatter,33,"Erchinger VJ, Ersland L, Aukland SM, Abbott CC, Oltedal L. Magnetic Resonance Spectroscopy in Depressed Subjects Treated With Electroconvulsive Therapy—A Systematic Review of Literature. Frontiers in Psychiatry. 2021;12:608857."
33,2021,Elevated body weight modulates subcortical volume change and associated clinical response following electroconvulsive therapy,Journal of Psychiatry and Neuroscience,10.1503/jpn.200176,2,Medforfatter,9,"Opel N, Narr KL, Abbott C, Argyelan M, Espinoza R, Emsell L, et al. Elevated body weight modulates subcortical volume change and associated clinical response following electroconvulsive therapy. Journal of Psychiatry and Neuroscience. 2021;46(4):E418-E426."
34,2021,Accounting for symptom heterogeneity can improve neuroimaging models of antidepressant response after electroconvulsive therapy,Human Brain Mapping,10.1002/hbm.25620,2,Medforfatter,20,"Wade BSC, Hellemann G, Espinoza RT, Woods RP, Joshi SH, Redlich R, et al. Accounting for symptom heterogeneity can improve neuroimaging models of antidepressant response after electroconvulsive therapy. Human Brain Mapping. 2021;42(16):5322-5333."
35,2020,A Longitudinal Comparison Between Depressed Patients Receiving Electroconvulsive Therapy and Healthy Controls on Specific Memory Functions,The Primary Care Companion For CNS Disorders,10.4088/pcc.19m02547,Uavklart,Medforfatter,10,"Blomberg MO, Semkovska M, Kessler U, Erchinger VJ, Oedegaard KJ, Oltedal L, et al. A Longitudinal Comparison Between Depressed Patients Receiving Electroconvulsive Therapy and Healthy Controls on Specific Memory Functions. The Primary Care Companion For CNS Disorders. 2020;22(3)."
36,2020,Anterior cingulate gamma‐aminobutyric acid concentrations and electroconvulsive therapy,Brain and Behavior,10.1002/brb3.1833,1,Delt seniorforfatter,19,"Erchinger VJ, Miller J, Jones T, Kessler U, Bustillo J, Haavik J, et al. Anterior cingulate gamma‐aminobutyric acid concentrations and electroconvulsive therapy. Brain and Behavior. 2020;10(11):e01833."
37,2020,Structural changes induced by electroconvulsive therapy are associated with clinical outcome,Brain Stimulation,10.1016/j.brs.2020.02.020,1,Medforfatter,47,"Mulders PCR, Llera A, Beckmann CF, Vandenbulcke M, Stek M, Sienaert P, et al. Structural changes induced by electroconvulsive therapy are associated with clinical outcome. Brain Stimulation. 2020;13(3):696-704."
38,2020,Brain Changes Induced by Electroconvulsive Therapy Are Broadly Distributed,Biological Psychiatry,10.1016/j.biopsych.2019.07.010,2,Sisteforfatter,112,"Ousdal OT, Argyelan M, Narr KL, Abbott C, Wade B, Vandenbulcke M, et al. Brain Changes Induced by Electroconvulsive Therapy Are Broadly Distributed. Biological Psychiatry. 2020;87(5):451-461."
39,2020,Sequential bortezomib and temozolomide treatment promotes immunological responses in glioblastoma patients with positive clinical outcomes: A phase 1B study,"Immunity, Inflammation and Disease",10.1002/iid3.315,1,Medforfatter,27,"Rahman MA, Brekke J, Arnesen V, Hannisdal MH, Navarro AG, Waha A, et al. Sequential bortezomib and temozolomide treatment promotes immunological responses in glioblastoma patients with positive clinical outcomes: A phase 1B study. Immunity, Inflammation and Disease. 2020;8(3):342-359."
40,2020,International Consortium on the Genetics of Electroconvulsive Therapy and Severe Depressive Disorders (Gen-ECT-ic),European Archives of Psychiatry and Clinical Neuroscience,10.1007/s00406-019-01087-w,1,Medforfatter,38,"Soda T, McLoughlin DM, Clark SR, Oltedal L, Kessler U, Haavik J, et al. International Consortium on the Genetics of Electroconvulsive Therapy and Severe Depressive Disorders (Gen-ECT-ic). European Archives of Psychiatry and Clinical Neuroscience. 2020;270(7):921-932."
41,2020,Depressive Symptom Dimensions in Treatment-Resistant Major Depression and Their Modulation With Electroconvulsive Therapy,The Journal of ECT,10.1097/yct.0000000000000623,1,Medforfatter,33,"Wade BSC, Hellemann G, Espinoza RT, Woods RP, Joshi SH, Redlich R, et al. Depressive Symptom Dimensions in Treatment-Resistant Major Depression and Their Modulation With Electroconvulsive Therapy. The Journal of ECT. 2020;36(2):123-129."
42,2019,The effect of electroconvulsive therapy (ECT) on serum tryptophan metabolites,Brain Stimulation,10.1016/j.brs.2019.05.018,1,Medforfatter,26,"Aarsland TI, Leskauskaite I, Midttun Ø, Ulvik A, Ueland PM, Oltedal L, et al. The effect of electroconvulsive therapy (ECT) on serum tryptophan metabolites. Brain Stimulation. 2019;12(5):1135-1142."
43,2019,Electric field causes volumetric changes in the human brain,eLife,10.7554/elife.49115,2,Medforfatter,89,"Argyelan M, Oltedal L, Deng ZD, Wade B, Bikson M, Joanlanne A, et al. Electric field causes volumetric changes in the human brain. eLife. 2019;8:e49115."
44,2019,Improved characterization of cerebral infarction using combined tissue T2 and high b-value diffusion MRI in post-thrombectomy patients: a feasibility study,Acta Radiologica,10.1177/0284185118820063,1,Sisteforfatter,2,"Karunamuni RA, White NS, Fromm A, Moen G, Renate Grüner E, Dale AM, et al. Improved characterization of cerebral infarction using combined tissue T2 and high b-value diffusion MRI in post-thrombectomy patients: a feasibility study. Acta Radiologica. 2019;60(10):1294-1300."
45,2019,Prospective cohort study of early biosignatures of response to lithium in bipolar-I-disorders: overview of the H2020-funded R-LiNK initiative,International Journal of Bipolar Disorders,10.1186/s40345-019-0156-x,1,Medforfatter,65,"Scott J, Hidalgo-Mazzei D, Strawbridge R, Young A, Resche-Rigon M, Etain B, et al. Prospective cohort study of early biosignatures of response to lithium in bipolar-I-disorders: overview of the H2020-funded R-LiNK initiative. International Journal of Bipolar Disorders. 2019;7(1):20."
46,2018,Volume of the Human Hippocampus and Clinical Response Following Electroconvulsive Therapy,Biological Psychiatry,10.1016/j.biopsych.2018.05.017,2,Førsteforfatter,194,"Oltedal L, Narr KL, Abbott C, Anand A, Argyelan M, Bartsch H, et al. Volume of the Human Hippocampus and Clinical Response Following Electroconvulsive Therapy. Biological Psychiatry. 2018;84(8):574-581."
47,2017,Opposite brain laterality in analogous auditory and visual tests,"Laterality: Asymmetries of Body, Brain and Cognition",10.1080/1357650x.2016.1269335,1,Førsteforfatter,10,"Oltedal L, Hugdahl K. Opposite brain laterality in analogous auditory and visual tests. Laterality: Asymmetries of Body, Brain and Cognition. 2017;22(6):690-702."
48,2017,The Global ECT-MRI Research Collaboration (GEMRIC): Establishing a multi-site investigation of the neural mechanisms underlying response to electroconvulsive therapy,NeuroImage: Clinical,10.1016/j.nicl.2017.02.009,1,Førsteforfatter,91,"Oltedal L, Bartsch H, Sørhaug OJE, Kessler U, Abbott C, Dols A, et al. The Global ECT-MRI Research Collaboration (GEMRIC): Establishing a multi-site investigation of the neural mechanisms underlying response to electroconvulsive therapy. NeuroImage: Clinical. 2017;14:422-432."
49,2017,Brain morphology in school-aged children with prenatal opioid exposure: A structural MRI study,Early Human Development,10.1016/j.earlhumdev.2017.01.009,1,Medforfatter,101,"Sirnes E, Oltedal L, Bartsch H, Eide GE, Elgen IB, Aukland SM. Brain morphology in school-aged children with prenatal opioid exposure: A structural MRI study. Early Human Development. 2017;106-107:33-39."
50,2015,Effects of ECT in treatment of depression: study protocol for a prospective neuroradiological study of acute and longitudinal effects on brain structure and function,BMC Psychiatry,10.1186/s12888-015-0477-y,1,Førsteforfatter,32,"Oltedal L, Kessler U, Ersland L, Grüner R, Andreassen OA, Haavik J, et al. Effects of ECT in treatment of depression: study protocol for a prospective neuroradiological study of acute and longitudinal effects on brain structure and function. BMC Psychiatry. 2015;15(1):94."
51,2010,Transient release kinetics of rod bipolar cells revealed by capacitance measurement of exocytosis from axon terminals in rat retinal slices,The Journal of Physiology,10.1113/jphysiol.2010.186916,2,Førsteforfatter,29,"Oltedal L, Hartveit E. Transient release kinetics of rod bipolar cells revealed by capacitance measurement of exocytosis from axon terminals in rat retinal slices. The Journal of Physiology. 2010;588(9):1469-1487."
52,2010,Electrical Coupling and Passive Membrane Properties of AII Amacrine Cells,Journal of Neurophysiology,10.1152/jn.01105.2009,1,Medforfatter,26,"Veruki ML, Oltedal L, Hartveit E. Electrical Coupling and Passive Membrane Properties of AII Amacrine Cells. Journal of Neurophysiology. 2010;103(3):1456-1466."
53,2009,Passive membrane properties and electrotonic signal processing in retinal rod bipolar cells,The Journal of Physiology,10.1113/jphysiol.2008.165415,2,Førsteforfatter,46,"Oltedal L, Veruki ML, Hartveit E. Passive membrane properties and electrotonic signal processing in retinal rod bipolar cells. The Journal of Physiology. 2009;587(4):829-849."
54,2008,Vesicular release of glutamate from hippocampal neurons in culture: an immunocytochemical assay,Experimental Brain Research,10.1007/s00221-007-1118-6,1,Førsteforfatter,7,"Oltedal L, Haglerød C, Furmanek T, Davanger S. Vesicular release of glutamate from hippocampal neurons in culture: an immunocytochemical assay. Experimental Brain Research. 2008;184(4):479-492."
55,2008,Electrical Synapses Between AII Amacrine Cells: Dynamic Range and Functional Consequences of Variation in Junctional Conductance,Journal of Neurophysiology,10.1152/jn.90957.2008,1,Medforfatter,27,"Veruki ML, Oltedal L, Hartveit E. Electrical Synapses Between AII Amacrine Cells: Dynamic Range and Functional Consequences of Variation in Junctional Conductance. Journal of Neurophysiology. 2008;100(6):3305-3322."
56,2007,Antibodies to CRMP3–4 associated with limbic encephalitis and thymoma,Clinical and Experimental Immunology,10.1111/j.1365-2249.2007.03379.x,1,Medforfatter,39,"Knudsen A, Bredholt G, Storstein A, Oltedal L, Davanger S, Krossnes B, et al. Antibodies to CRMP3–4 associated with limbic encephalitis and thymoma. Clinical and Experimental Immunology. 2007;149(1):16-22."
57,2007,Patch-Clamp Investigations and Compartmental Modeling of Rod Bipolar Axon Terminals in an In Vitro Thin-Slice Preparation of the Mammalian Retina,Journal of Neurophysiology,10.1152/jn.01010.2006,1,Førsteforfatter,27,"Oltedal L, Mørkve SH, Veruki ML, Hartveit E. Patch-Clamp Investigations and Compartmental Modeling of Rod Bipolar Axon Terminals in an In Vitro Thin-Slice Preparation of the Mammalian Retina. Journal of Neurophysiology. 2007;97(2):1171-1187."
58,2004,Intramolecular protein-protein and protein-lipid interactions control the conformation and subcellular targeting of neuronal Ykt6,Journal of Cell Science,10.1242/jcs.01314,1,Medforfatter,59,"Hasegawa H, Yang Z, Oltedal L, Davanger S, Hay JC. Intramolecular protein-protein and protein-lipid interactions control the conformation and subcellular targeting of neuronal Ykt6. Journal of Cell Science. 2004;117(19):4495-4508."
59,2003,Sec6 is localized to the plasma membrane of mature synaptic terminals and is transported with secretogranin ii-containing vesicles,Neuroscience,10.1016/s0306-4522(03)00065-4,Uavklart,Medforfatter,35,"Vik-Mo EO, Oltedal L, Hoivik EA, Kleivdal H, Eidet J, Davanger S. Sec6 is localized to the plasma membrane of mature synaptic terminals and is transported with secretogranin ii-containing vesicles. Neuroscience. 2003;119(1):73-85."
